id,name,type,age,role,company,department,location,salary,experience,skills
1,Alice Johnson,Person,30,Software Engineer,TechCorp,Engineering,San Francisco,95000,5,"JavaScript,Python,React"
2,Bob Smith,Person,28,Product Manager,TechCorp,Product,San Francisco,85000,4,"Strategy,Analytics,Agile"
3,Charlie Brown,Person,35,Senior Developer,TechCorp,Engineering,New York,105000,8,"Java,Spring,Microservices"
4,Diana Prince,Person,32,UX Designer,DesignStudio,Design,Los Angeles,75000,6,"Figma,Sketch,UserResearch"
5,Eve Wilson,Person,29,DevOps Engineer,CloudTech,Operations,Seattle,90000,5,"AWS,Docker,Kubernetes"
6,Frank Miller,Person,41,Tech Lead,TechCorp,Engineering,San Francisco,125000,12,"Python,Architecture,Leadership"
7,Grace Lee,Person,26,Junior Developer,StartupXYZ,Engineering,Austin,65000,2,"React,Node.js,MongoDB"
8,Henry Davis,Person,38,Data Scientist,DataCorp,Analytics,Boston,110000,9,"Python,ML,TensorFlow"
9,Ivy Chen,Person,33,Security Engineer,SecureTech,Security,Washington DC,98000,7,"Cybersecurity,Penetration Testing,CISSP"
10,Jack Taylor,Person,27,Frontend Developer,WebStudio,Engineering,Portland,72000,3,"Vue.js,CSS,HTML"
11,Kate Brown,Person,31,Backend Developer,TechCorp,Engineering,New York,88000,6,"Node.js,PostgreSQL,Redis"
12,Liam Garcia,Person,34,Solutions Architect,CloudTech,Architecture,Seattle,115000,10,"AWS,System Design,Microservices"
13,Mia Rodriguez,Person,25,QA Engineer,TestCorp,Quality,Denver,68000,3,"Testing,Selenium,API Testing"
14,Noah Martinez,Person,36,Engineering Manager,TechCorp,Engineering,San Francisco,135000,11,"Leadership,Java,Agile"
15,Olivia Anderson,Person,29,Mobile Developer,AppStudio,Engineering,Miami,82000,5,"React Native,iOS,Android"
16,Peter Johnson,Person,42,CTO,StartupXYZ,Executive,Austin,180000,15,"Leadership,Strategy,Full Stack"
17,Quinn Wilson,Person,28,Site Reliability Engineer,CloudTech,Operations,Seattle,95000,5,"Linux,Monitoring,Automation"
18,Rachel Davis,Person,30,Technical Writer,TechCorp,Documentation,San Francisco,70000,4,"Technical Writing,Documentation,API Docs"
19,Sam Chen,Person,37,Database Administrator,DataCorp,Infrastructure,Boston,92000,8,"PostgreSQL,MySQL,Performance Tuning"
20,Tina Lee,Person,26,UI Developer,DesignStudio,Design,Los Angeles,69000,3,"CSS,JavaScript,Responsive Design"
21,Uma Patel,Person,32,Cloud Engineer,CloudTech,Infrastructure,Seattle,89000,6,"Azure,Terraform,CI/CD"
22,Victor Kim,Person,39,Principal Engineer,TechCorp,Engineering,New York,140000,13,"Distributed Systems,Scala,Kafka"
23,Wendy Zhang,Person,27,Data Engineer,DataCorp,Analytics,Boston,85000,4,"Spark,Hadoop,ETL"
24,Xavier Brown,Person,33,Product Owner,TechCorp,Product,San Francisco,95000,7,"Product Management,Scrum,Roadmapping"
25,Yuki Tanaka,Person,31,Machine Learning Engineer,MLCorp,AI,Palo Alto,105000,6,"Python,PyTorch,MLOps"
26,Zoe Martinez,Person,28,Customer Success Engineer,SaaSTech,Customer Success,Chicago,75000,4,"Customer Support,SaaS,Problem Solving"
27,Adam Wilson,Person,35,Full Stack Developer,WebDev,Engineering,Remote,88000,8,"MEAN Stack,REST APIs,GraphQL"
28,Betty Chen,Person,29,Scrum Master,AgileCorp,Process,San Diego,78000,5,"Scrum,Agile,Team Facilitation"
29,Carlos Rodriguez,Person,40,VP Engineering,BigTech,Executive,San Francisco,200000,16,"Leadership,Strategy,Scaling"
30,Diane Kim,Person,26,Junior Data Scientist,DataCorp,Analytics,Boston,72000,2,"Python,Statistics,Pandas"
31,Eddie Garcia,Person,34,Infrastructure Engineer,CloudTech,Infrastructure,Seattle,94000,7,"Kubernetes,Docker,Monitoring"
32,Fiona Lee,Person,31,Business Analyst,FinTech,Business,New York,83000,6,"SQL,Business Intelligence,Requirements"
33,George Patel,Person,38,Senior Architect,EnterpriseTech,Architecture,Chicago,128000,12,"Enterprise Architecture,Java,SOA"
34,Hannah Brown,Person,27,Content Strategist,MediaCorp,Marketing,Los Angeles,65000,4,"Content Strategy,SEO,Analytics"
35,Ian Taylor,Person,32,Blockchain Developer,CryptoTech,Engineering,Miami,98000,5,"Solidity,Ethereum,Web3"
36,Julia Davis,Person,30,Technical Recruiter,TalentCorp,HR,Austin,68000,5,"Recruiting,Technical Screening,Networking"
37,Kevin Zhang,Person,36,API Developer,APICorp,Engineering,Seattle,91000,8,"REST,GraphQL,Microservices"
38,Laura Martinez,Person,28,Performance Engineer,SpeedTech,Engineering,Portland,86000,4,"Performance Testing,Optimization,Profiling"
39,Mike Johnson,Person,41,Director of Engineering,TechCorp,Leadership,San Francisco,165000,14,"Leadership,Strategy,Team Building"
40,Nina Chen,Person,25,Graduate Developer,StartupABC,Engineering,Boulder,62000,1,"Python,Git,Learning"
41,Oscar Kim,Person,33,Release Manager,DeployTech,Operations,Remote,84000,6,"CI/CD,Release Management,Git"
42,Paula Rodriguez,Person,29,UX Researcher,ResearchCorp,Research,San Francisco,81000,5,"User Research,Usability Testing,Design Thinking"
43,Quincy Lee,Person,37,Staff Engineer,BigTech,Engineering,Mountain View,155000,12,"Distributed Systems,Go,Leadership"
44,Rita Patel,Person,31,Integration Developer,IntegrationCorp,Engineering,Dallas,87000,6,"APIs,Integration,Middleware"
45,Steve Brown,Person,34,DevSecOps Engineer,SecureTech,Security,Washington DC,96000,7,"Security,DevOps,Compliance"
46,Tara Wilson,Person,26,Junior UX Designer,DesignStudio,Design,Los Angeles,58000,2,"Design,Prototyping,User Experience"
47,Umar Garcia,Person,39,Senior Product Manager,ProductCorp,Product,San Francisco,118000,10,"Product Strategy,Roadmapping,Analytics"
48,Vera Kim,Person,32,Test Automation Engineer,TestCorp,Quality,Denver,79000,6,"Automation,Testing,CI/CD"
49,Will Martinez,Person,28,Frontend Architect,WebStudio,Engineering,Portland,102000,7,"Frontend Architecture,Performance,Scalability"
50,Xara Chen,Person,35,Chief Data Officer,DataCorp,Executive,Boston,175000,13,"Data Strategy,Analytics,Leadership"
51,TechCorp,Company,15,Technology Company,Self,Technology,San Francisco,50000000,15,"Software Development,Cloud Services,AI"
52,DesignStudio,Company,8,Design Agency,Self,Creative,Los Angeles,5000000,8,"UI/UX Design,Branding,Digital Design"
53,CloudTech,Company,12,Cloud Services,Self,Technology,Seattle,25000000,12,"Cloud Computing,Infrastructure,DevOps"
54,StartupXYZ,Company,3,Tech Startup,Self,Technology,Austin,2000000,3,"Mobile Apps,Web Development,Innovation"
55,DataCorp,Company,10,Data Analytics,Self,Analytics,Boston,15000000,10,"Big Data,Machine Learning,Analytics"
56,SecureTech,Company,7,Cybersecurity,Self,Security,Washington DC,8000000,7,"Cybersecurity,Risk Management,Compliance"
57,WebStudio,Company,6,Web Development,Self,Technology,Portland,3000000,6,"Web Development,E-commerce,Digital Solutions"
58,TestCorp,Company,9,Quality Assurance,Self,Quality,Denver,4000000,9,"Software Testing,QA Services,Automation"
59,AppStudio,Company,5,Mobile Development,Self,Technology,Miami,6000000,5,"Mobile Apps,iOS,Android"
60,MLCorp,Company,4,AI/ML Company,Self,AI,Palo Alto,12000000,4,"Machine Learning,AI,Data Science"
61,React,Technology,10,JavaScript Library,Facebook,Frontend,Global,0,10,"Frontend,Component-Based,Virtual DOM"
62,Python,Technology,30,Programming Language,Python Foundation,Programming,Global,0,30,"General Purpose,Data Science,Web Development"
63,Java,Technology,25,Programming Language,Oracle,Programming,Global,0,25,"Enterprise,Backend,Cross-Platform"
64,AWS,Technology,17,Cloud Platform,Amazon,Cloud,Global,0,17,"Cloud Computing,Infrastructure,Scalability"
65,Docker,Technology,10,Containerization,Docker Inc,DevOps,Global,0,10,"Containerization,Microservices,Deployment"
66,Kubernetes,Technology,8,Container Orchestration,CNCF,DevOps,Global,0,8,"Container Orchestration,Scaling,Management"
67,PostgreSQL,Technology,25,Database,PostgreSQL Global,Database,Global,0,25,"Relational Database,ACID,Performance"
68,MongoDB,Technology,12,NoSQL Database,MongoDB Inc,Database,Global,0,12,"Document Database,Scalability,Flexibility"
69,Node.js,Technology,12,JavaScript Runtime,Node.js Foundation,Backend,Global,0,12,"Server-side JavaScript,Event-driven,Scalable"
70,Angular,Technology,13,Frontend Framework,Google,Frontend,Global,0,13,"Single Page Applications,TypeScript,Enterprise"
71,Vue.js,Technology,8,Frontend Framework,Evan You,Frontend,Global,0,8,"Progressive Framework,Approachable,Versatile"
72,Spring,Technology,20,Java Framework,Pivotal,Backend,Global,0,20,"Enterprise Java,Dependency Injection,MVC"
73,TensorFlow,Technology,8,ML Framework,Google,AI,Global,0,8,"Machine Learning,Deep Learning,Neural Networks"
74,Redis,Technology,13,In-Memory Database,Redis Labs,Database,Global,0,13,"Caching,Session Store,Real-time"
75,Kafka,Technology,12,Streaming Platform,Apache,Data,Global,0,12,"Event Streaming,Real-time,Distributed"
76,Elasticsearch,Technology,13,Search Engine,Elastic,Search,Global,0,13,"Full-text Search,Analytics,Distributed"
77,Jenkins,Technology,16,CI/CD Tool,CloudBees,DevOps,Global,0,16,"Continuous Integration,Automation,Pipeline"
78,Git,Technology,16,Version Control,Linus Torvalds,Development,Global,0,16,"Version Control,Distributed,Collaboration"
79,Terraform,Technology,9,Infrastructure as Code,HashiCorp,DevOps,Global,0,9,"Infrastructure,Automation,Multi-cloud"
80,Figma,Technology,9,Design Tool,Figma Inc,Design,Global,0,9,"UI Design,Collaboration,Prototyping"
81,Engineering,Department,0,Technical Department,Various,Technology,Global,0,0,"Software Development,Technical Innovation,Product Building"
82,Product,Department,0,Product Department,Various,Business,Global,0,0,"Product Strategy,Roadmapping,User Experience"
83,Design,Department,0,Design Department,Various,Creative,Global,0,0,"User Experience,Visual Design,Prototyping"
84,Operations,Department,0,Operations Department,Various,Operations,Global,0,0,"Infrastructure,Deployment,Monitoring"
85,Analytics,Department,0,Data Department,Various,Data,Global,0,0,"Data Analysis,Business Intelligence,Insights"
86,Security,Department,0,Security Department,Various,Security,Global,0,0,"Information Security,Risk Management,Compliance"
87,Quality,Department,0,QA Department,Various,Quality,Global,0,0,"Testing,Quality Assurance,Bug Prevention"
88,Documentation,Department,0,Documentation Department,Various,Content,Global,0,0,"Technical Writing,Documentation,Knowledge Management"
89,Infrastructure,Department,0,Infrastructure Department,Various,Technology,Global,0,0,"System Administration,Cloud Management,Scalability"
90,Executive,Department,0,Executive Department,Various,Leadership,Global,0,0,"Strategic Planning,Leadership,Decision Making"
91,San Francisco,Location,0,City,California,West Coast,USA,0,0,"Tech Hub,Innovation,High Cost of Living"
92,New York,Location,0,City,New York,East Coast,USA,0,0,"Financial Center,Diverse,Fast-paced"
93,Los Angeles,Location,0,City,California,West Coast,USA,0,0,"Entertainment,Creative,Diverse"
94,Seattle,Location,0,City,Washington,West Coast,USA,0,0,"Tech Industry,Coffee,Innovation"
95,Austin,Location,0,City,Texas,South,USA,0,0,"Tech Scene,Music,Keep it Weird"
96,Boston,Location,0,City,Massachusetts,East Coast,USA,0,0,"Education,Healthcare,Technology"
97,Washington DC,Location,0,City,District of Columbia,East Coast,USA,0,0,"Government,Policy,Security"
98,Portland,Location,0,City,Oregon,West Coast,USA,0,0,"Tech,Sustainability,Creative"
99,Denver,Location,0,City,Colorado,Mountain,USA,0,0,"Growing Tech Scene,Outdoor,Quality of Life"
100,Miami,Location,0,City,Florida,Southeast,USA,0,0,"International Business,Tourism,Growing Tech"
101,Sarah Johnson,Person,29,Backend Developer,TechCorp,Engineering,San Francisco,92000,5,"Python,Django,PostgreSQL"
102,Michael Davis,Person,31,Product Designer,DesignStudio,Design,Los Angeles,78000,6,"UI/UX,Figma,User Research"
103,Emily Zhang,Person,27,Data Analyst,DataCorp,Analytics,Boston,74000,4,"SQL,Python,Tableau"
104,David Wilson,Person,33,Cloud Architect,CloudTech,Architecture,Seattle,118000,9,"AWS,Azure,Infrastructure"
105,Lisa Chen,Person,26,Mobile Developer,AppStudio,Engineering,Miami,79000,4,"Flutter,React Native,Mobile UI"
106,Robert Garcia,Person,38,Engineering Manager,TechCorp,Leadership,New York,128000,12,"Team Leadership,Agile,Strategy"
107,Jennifer Lee,Person,30,UX Researcher,ResearchCorp,Research,San Francisco,85000,6,"User Research,Usability,Design Thinking"
108,William Brown,Person,35,DevOps Engineer,CloudTech,Operations,Seattle,94000,8,"Docker,Kubernetes,CI/CD"
109,Jessica Martinez,Person,28,Frontend Developer,WebStudio,Engineering,Portland,76000,4,"React,TypeScript,CSS"
110,Christopher Taylor,Person,32,Data Engineer,DataCorp,Analytics,Boston,88000,6,"Spark,Hadoop,ETL"
111,Amanda Rodriguez,Person,29,Quality Engineer,TestCorp,Quality,Denver,71000,5,"Testing,Automation,Selenium"
112,Matthew Anderson,Person,36,Senior Developer,TechCorp,Engineering,San Francisco,108000,10,"Java,Spring,Microservices"
113,Ashley Wilson,Person,25,Junior Designer,DesignStudio,Design,Los Angeles,55000,2,"Design,Sketch,Prototyping"
114,Joshua Davis,Person,34,Security Analyst,SecureTech,Security,Washington DC,87000,7,"Cybersecurity,Risk Assessment,Compliance"
115,Stephanie Garcia,Person,31,Product Manager,ProductCorp,Product,San Francisco,98000,7,"Product Strategy,Analytics,Roadmapping"
116,Daniel Kim,Person,37,Staff Engineer,BigTech,Engineering,Mountain View,148000,11,"Distributed Systems,Scalability,Leadership"
117,Michelle Chen,Person,28,Technical Writer,TechCorp,Documentation,San Francisco,68000,4,"Documentation,API Docs,Technical Communication"
118,Kevin Martinez,Person,33,Solutions Engineer,CloudTech,Solutions,Seattle,91000,7,"Pre-sales,Technical Solutions,Customer Success"
119,Lauren Anderson,Person,26,Data Scientist,MLCorp,AI,Palo Alto,95000,4,"Machine Learning,Python,Statistics"
120,Brian Lee,Person,39,Director of Product,ProductCorp,Leadership,San Francisco,155000,13,"Product Leadership,Strategy,Vision"
121,Samantha Brown,Person,30,Full Stack Developer,WebDev,Engineering,Remote,85000,6,"MEAN Stack,JavaScript,REST APIs"
122,Anthony Wilson,Person,32,Site Reliability Engineer,CloudTech,Operations,Seattle,89000,6,"Monitoring,Automation,Incident Response"
123,Nicole Davis,Person,27,Business Analyst,FinTech,Business,New York,76000,4,"Requirements,SQL,Business Intelligence"
124,Ryan Garcia,Person,35,Principal Engineer,TechCorp,Engineering,New York,135000,12,"Architecture,Mentoring,Technical Leadership"
125,Megan Kim,Person,29,Integration Developer,IntegrationCorp,Engineering,Dallas,82000,5,"APIs,Middleware,System Integration"
126,Jason Martinez,Person,31,Performance Engineer,SpeedTech,Engineering,Portland,84000,6,"Load Testing,Optimization,Profiling"
127,Rachel Chen,Person,28,Customer Success Manager,SaaSTech,Customer Success,Chicago,73000,5,"Account Management,Customer Retention,SaaS"
128,Andrew Anderson,Person,36,VP of Engineering,StartupXYZ,Executive,Austin,165000,14,"Engineering Leadership,Scaling,Strategy"
129,Heather Lee,Person,25,Graduate Developer,TechCorp,Engineering,San Francisco,68000,2,"Learning,JavaScript,Problem Solving"
130,Tyler Brown,Person,33,Release Engineer,DeployTech,Operations,Remote,81000,7,"Release Management,Git,Automation"
131,Kimberly Wilson,Person,30,UX Designer,DesignStudio,Design,Los Angeles,74000,5,"User Experience,Wireframing,Interaction Design"
132,Justin Davis,Person,34,Database Administrator,DataCorp,Infrastructure,Boston,86000,8,"Database Management,Performance Tuning,Backup"
133,Brittany Garcia,Person,27,API Developer,APICorp,Engineering,Seattle,78000,4,"REST APIs,GraphQL,Documentation"
134,Brandon Kim,Person,32,Technical Lead,TechCorp,Engineering,San Francisco,115000,9,"Technical Leadership,Architecture,Code Review"
135,Danielle Martinez,Person,29,Scrum Master,AgileCorp,Process,San Diego,75000,5,"Agile,Scrum,Team Facilitation"
136,Gregory Chen,Person,38,Chief Technology Officer,StartupXYZ,Executive,Austin,175000,15,"Technology Strategy,Leadership,Innovation"
137,Courtney Anderson,Person,26,Junior Data Analyst,DataCorp,Analytics,Boston,65000,2,"SQL,Excel,Data Visualization"
138,Nathan Lee,Person,31,Infrastructure Engineer,CloudTech,Infrastructure,Seattle,88000,6,"Cloud Infrastructure,Networking,Security"
139,Crystal Brown,Person,28,Content Manager,MediaCorp,Marketing,Los Angeles,64000,4,"Content Strategy,SEO,Social Media"
140,Marcus Wilson,Person,35,Blockchain Developer,CryptoTech,Engineering,Miami,102000,6,"Blockchain,Smart Contracts,Cryptocurrency"
141,Vanessa Davis,Person,30,Technical Recruiter,TalentCorp,HR,Austin,69000,5,"Technical Recruiting,Sourcing,Interview Process"
142,Aaron Garcia,Person,33,System Administrator,SysAdminCorp,Operations,Chicago,79000,7,"System Administration,Linux,Windows Server"
143,Tiffany Kim,Person,27,Marketing Analyst,MarketingCorp,Marketing,New York,71000,4,"Marketing Analytics,Campaign Analysis,ROI"
144,Jonathan Martinez,Person,36,Senior Product Manager,ProductCorp,Product,San Francisco,112000,9,"Product Management,Strategy,Cross-functional Leadership"
145,Melanie Chen,Person,29,Test Engineer,TestCorp,Quality,Denver,73000,5,"Manual Testing,Test Planning,Bug Reporting"
146,Sean Anderson,Person,32,Software Architect,ArchitectureCorp,Architecture,Seattle,125000,10,"Software Architecture,Design Patterns,Technical Strategy"
147,Alexis Lee,Person,25,UI Developer,WebStudio,Engineering,Portland,67000,3,"User Interface,CSS,JavaScript"
148,Jordan Brown,Person,34,Operations Manager,OpsCorp,Operations,Dallas,92000,8,"Operations Management,Process Improvement,Team Leadership"
149,Sabrina Wilson,Person,28,Data Visualization Specialist,DataCorp,Analytics,Boston,77000,4,"Data Visualization,D3.js,Tableau"
150,Kyle Davis,Person,31,Security Engineer,SecureTech,Security,Washington DC,90000,6,"Information Security,Penetration Testing,Risk Management"
151,Cassandra Garcia,Person,26,Junior Product Manager,ProductCorp,Product,San Francisco,72000,3,"Product Management,Market Research,User Stories"
152,Eric Kim,Person,37,Distinguished Engineer,BigTech,Engineering,Mountain View,165000,13,"Technical Excellence,Innovation,Mentoring"
153,Jenna Martinez,Person,30,Business Intelligence Analyst,BICorp,Analytics,Chicago,81000,6,"Business Intelligence,Data Warehousing,Reporting"
154,Adam Chen,Person,33,Platform Engineer,PlatformCorp,Engineering,San Francisco,98000,7,"Platform Development,Microservices,API Design"
155,Lindsey Anderson,Person,28,Digital Marketing Manager,MarketingCorp,Marketing,Los Angeles,78000,5,"Digital Marketing,PPC,Social Media"
156,Scott Lee,Person,35,Senior Security Analyst,SecureTech,Security,Washington DC,95000,8,"Security Analysis,Threat Detection,Incident Response"
157,Kristen Brown,Person,27,Junior UX Designer,DesignStudio,Design,Los Angeles,59000,2,"User Experience,Prototyping,User Testing"
158,Patrick Wilson,Person,32,Technical Program Manager,TechCorp,Program Management,San Francisco,105000,8,"Program Management,Cross-functional Coordination,Risk Management"
159,Alison Davis,Person,29,Content Strategist,ContentCorp,Marketing,Austin,70000,5,"Content Strategy,Editorial,Brand Voice"
160,Timothy Garcia,Person,36,Senior Solutions Architect,CloudTech,Architecture,Seattle,130000,11,"Solutions Architecture,Customer Engagement,Technical Sales"
161,Jaime Kim,Person,25,Graduate Software Engineer,TechCorp,Engineering,San Francisco,75000,1,"Software Development,Learning,Problem Solving"
162,Kathryn Martinez,Person,31,Product Marketing Manager,ProductCorp,Marketing,San Francisco,89000,6,"Product Marketing,Go-to-market,Competitive Analysis"
163,Charles Chen,Person,34,Senior Data Engineer,DataCorp,Analytics,Boston,96000,8,"Data Engineering,Big Data,Pipeline Development"
164,Monica Anderson,Person,28,QA Analyst,TestCorp,Quality,Denver,68000,4,"Quality Assurance,Test Cases,Defect Tracking"
165,Douglas Lee,Person,33,Engineering Manager,TechCorp,Leadership,New York,122000,9,"Engineering Management,Team Building,Technical Strategy"
166,Julie Brown,Person,30,UX Strategist,StrategyUX,Strategy,San Francisco,88000,6,"UX Strategy,Design Research,Information Architecture"
167,Stephen Wilson,Person,37,Principal Software Engineer,TechCorp,Engineering,San Francisco,142000,12,"Software Engineering,Technical Leadership,Architecture"
168,Caroline Davis,Person,26,Junior Data Scientist,MLCorp,AI,Palo Alto,78000,3,"Data Science,Machine Learning,Python"
169,Carl Garcia,Person,32,DevSecOps Engineer,SecureTech,Security,Washington DC,93000,7,"DevSecOps,Security Automation,Compliance"
170,Janet Kim,Person,29,Frontend Architect,WebStudio,Engineering,Portland,99000,6,"Frontend Architecture,Performance,Scalability"
171,Ralph Martinez,Person,35,Director of Data,DataCorp,Leadership,Boston,145000,11,"Data Leadership,Analytics Strategy,Team Management"
172,Cheryl Chen,Person,28,Integration Specialist,IntegrationCorp,Engineering,Dallas,76000,4,"System Integration,APIs,Data Migration"
173,Jose Anderson,Person,31,Site Reliability Engineer,CloudTech,Operations,Seattle,87000,6,"Site Reliability,Monitoring,Automation"
174,Frances Lee,Person,27,Product Designer,DesignStudio,Design,Los Angeles,71000,4,"Product Design,User Research,Design Systems"
175,Benjamin Brown,Person,34,Senior Backend Developer,TechCorp,Engineering,New York,101000,8,"Backend Development,APIs,Database Design"
176,Marie Wilson,Person,30,Technical Account Manager,TechCorp,Customer Success,San Francisco,84000,6,"Account Management,Technical Support,Customer Relations"
177,Roger Davis,Person,36,Principal Data Scientist,MLCorp,AI,Palo Alto,138000,10,"Data Science,AI Research,Team Leadership"
178,Donna Garcia,Person,25,Junior Software Engineer,StartupXYZ,Engineering,Austin,64000,2,"Software Development,Web Development,Learning"
179,Jerry Kim,Person,33,Cloud Solutions Architect,CloudTech,Architecture,Seattle,115000,8,"Cloud Architecture,Migration,Best Practices"
180,Judith Martinez,Person,29,Performance Analyst,SpeedTech,Analytics,Portland,79000,5,"Performance Analysis,Optimization,Metrics"
181,Terry Chen,Person,32,Senior Product Manager,ProductCorp,Product,San Francisco,109000,8,"Product Management,Strategy,Market Analysis"
182,Gloria Anderson,Person,28,Quality Assurance Lead,TestCorp,Leadership,Denver,82000,5,"QA Leadership,Test Strategy,Team Management"
183,Harold Lee,Person,35,Staff Software Engineer,BigTech,Engineering,Mountain View,152000,11,"Software Engineering,Scalability,Mentoring"
184,Theresa Brown,Person,27,Digital Product Manager,DigitalCorp,Product,New York,83000,4,"Digital Products,User Experience,Analytics"
185,Arthur Wilson,Person,38,VP of Technology,TechCorp,Executive,San Francisco,172000,14,"Technology Leadership,Strategic Planning,Innovation"
186,Phyllis Davis,Person,26,Junior DevOps Engineer,CloudTech,Operations,Seattle,71000,3,"DevOps,Automation,Learning"
187,Lawrence Garcia,Person,31,Senior Security Engineer,SecureTech,Security,Washington DC,97000,7,"Security Engineering,Architecture,Risk Assessment"
188,Helen Kim,Person,29,Business Systems Analyst,BusinessCorp,Business,Chicago,78000,5,"Business Analysis,Systems Integration,Process Improvement"
189,Wayne Martinez,Person,34,Technical Writer,TechCorp,Documentation,San Francisco,74000,6,"Technical Documentation,API Documentation,Content Management"
190,Ruth Chen,Person,30,Data Platform Engineer,DataCorp,Engineering,Boston,91000,6,"Data Platforms,Infrastructure,Big Data"
191,Eugene Anderson,Person,33,Senior Solutions Engineer,CloudTech,Solutions,Seattle,96000,8,"Solutions Engineering,Customer Success,Technical Sales"
192,Shirley Lee,Person,27,Junior Product Designer,DesignStudio,Design,Los Angeles,62000,3,"Product Design,UI/UX,User Research"
193,Louis Brown,Person,36,Director of Engineering,TechCorp,Leadership,San Francisco,158000,12,"Engineering Leadership,Strategy,Organizational Development"
194,Virginia Wilson,Person,28,Marketing Technology Specialist,MarTech,Marketing,Austin,73000,4,"Marketing Technology,Automation,Analytics"
195,Philip Davis,Person,32,Senior Full Stack Developer,WebDev,Engineering,Remote,94000,7,"Full Stack Development,JavaScript,Cloud"
196,Barbara Garcia,Person,25,Graduate Product Manager,ProductCorp,Product,San Francisco,71000,2,"Product Management,Market Research,Analytics"
197,Johnny Kim,Person,35,Principal Security Engineer,SecureTech,Security,Washington DC,125000,10,"Security Architecture,Leadership,Strategy"
198,Dorothy Martinez,Person,31,Senior Data Analyst,DataCorp,Analytics,Boston,85000,7,"Data Analysis,Business Intelligence,Visualization"
199,Frank Chen,Person,29,Infrastructure Architect,CloudTech,Architecture,Seattle,112000,7,"Infrastructure Architecture,Cloud,Scalability"
200,Martha Anderson,Person,34,Senior UX Designer,DesignStudio,Design,Los Angeles,86000,8,"User Experience,Design Leadership,Research"
201,Vincent Lee,Person,26,Software Developer,TechCorp,Engineering,San Francisco,81000,4,"Software Development,Java,Problem Solving"
202,Deborah Brown,Person,30,Product Operations Manager,ProductCorp,Operations,San Francisco,87000,6,"Product Operations,Process,Analytics"
203,George Wilson,Person,37,Senior Site Reliability Engineer,CloudTech,Operations,Seattle,105000,9,"Site Reliability,Infrastructure,Automation"
204,Amy Davis,Person,28,Junior Data Engineer,DataCorp,Analytics,Boston,73000,4,"Data Engineering,ETL,Python"
205,Ronald Garcia,Person,33,Technical Program Manager,TechCorp,Program Management,New York,102000,8,"Program Management,Technical Coordination,Risk Management"
206,Kimberly Kim,Person,27,UX Researcher,ResearchCorp,Research,San Francisco,80000,4,"User Research,Usability,Design Research"
207,Jason Martinez,Person,35,Senior DevOps Engineer,CloudTech,Operations,Seattle,98000,8,"DevOps,Kubernetes,CI/CD"
208,Sarah Chen,Person,29,Business Intelligence Developer,BICorp,Analytics,Chicago,82000,5,"Business Intelligence,Data Warehousing,SQL"
209,Matthew Anderson,Person,32,Senior Product Manager,ProductCorp,Product,San Francisco,106000,8,"Product Management,Strategy,Leadership"
210,Melissa Lee,Person,26,Junior Security Analyst,SecureTech,Security,Washington DC,67000,3,"Security Analysis,Monitoring,Incident Response"
211,Robert Brown,Person,34,Staff Data Scientist,MLCorp,AI,Palo Alto,128000,9,"Data Science,Machine Learning,Research"
212,Lisa Wilson,Person,31,Senior Frontend Developer,WebStudio,Engineering,Portland,89000,6,"Frontend Development,React,Performance"
213,David Davis,Person,28,Platform Engineer,PlatformCorp,Engineering,San Francisco,86000,5,"Platform Development,Infrastructure,APIs"
214,Nancy Garcia,Person,33,Senior Business Analyst,BusinessCorp,Business,New York,88000,7,"Business Analysis,Requirements,Process Design"
215,Mark Kim,Person,30,Technical Lead,TechCorp,Engineering,San Francisco,108000,7,"Technical Leadership,Architecture,Team Management"
216,Susan Martinez,Person,27,Content Designer,ContentCorp,Design,Los Angeles,68000,4,"Content Design,UX Writing,Information Architecture"
217,Paul Chen,Person,36,Principal Engineer,BigTech,Engineering,Mountain View,155000,12,"Engineering Excellence,Innovation,Leadership"
218,Donna Anderson,Person,25,Junior Marketing Analyst,MarketingCorp,Marketing,Chicago,63000,2,"Marketing Analytics,Social Media,Campaign Analysis"
219,Kenneth Lee,Person,32,Senior Cloud Engineer,CloudTech,Infrastructure,Seattle,95000,7,"Cloud Engineering,AWS,Infrastructure as Code"
220,Carol Brown,Person,29,Product Marketing Specialist,ProductCorp,Marketing,San Francisco,76000,5,"Product Marketing,Positioning,Competitive Intelligence"
221,Steven Wilson,Person,35,Director of Data Science,MLCorp,Leadership,Palo Alto,148000,11,"Data Science Leadership,AI Strategy,Team Building"
222,Betty Davis,Person,28,Junior Backend Developer,TechCorp,Engineering,New York,79000,4,"Backend Development,Python,Database Design"
223,Edward Garcia,Person,31,Senior Solutions Architect,CloudTech,Architecture,Seattle,118000,8,"Solutions Architecture,Customer Engagement,Cloud Migration"
224,Helen Kim,Person,26,UX/UI Designer,DesignStudio,Design,Los Angeles,72000,4,"UI/UX Design,Design Systems,Prototyping"
225,Thomas Martinez,Person,34,Senior Data Engineer,DataCorp,Analytics,Boston,97000,8,"Data Engineering,Spark,Data Pipelines"
226,Sandra Chen,Person,30,Quality Engineering Manager,TestCorp,Leadership,Denver,92000,6,"QA Management,Test Strategy,Process Improvement"
227,Donald Anderson,Person,37,VP of Product,ProductCorp,Executive,San Francisco,168000,13,"Product Leadership,Strategy,Vision"
228,Patricia Lee,Person,27,Junior Full Stack Developer,WebDev,Engineering,Remote,71000,3,"Full Stack Development,JavaScript,Learning"
229,Charles Brown,Person,33,Senior Security Architect,SecureTech,Security,Washington DC,115000,9,"Security Architecture,Risk Management,Compliance"
230,Linda Wilson,Person,29,Technical Product Manager,TechCorp,Product,San Francisco,91000,6,"Technical Product Management,Engineering Collaboration,Roadmapping"
231,Michael Davis,Person,32,Principal Data Engineer,DataCorp,Engineering,Boston,122000,9,"Data Engineering,Big Data,Architecture"
232,Maria Garcia,Person,25,Graduate UX Designer,DesignStudio,Design,Los Angeles,58000,1,"UX Design,User Research,Design Thinking"
233,Richard Kim,Person,36,Staff Software Engineer,TechCorp,Engineering,San Francisco,138000,11,"Software Engineering,Distributed Systems,Mentoring"
234,Barbara Martinez,Person,28,Business Development Manager,BizDev,Business,Austin,84000,5,"Business Development,Partnerships,Sales"
235,Christopher Chen,Person,31,Senior DevSecOps Engineer,SecureTech,Security,Washington DC,101000,7,"DevSecOps,Security Automation,Infrastructure"
236,Lisa Anderson,Person,30,Product Design Lead,DesignStudio,Design,Los Angeles,94000,6,"Design Leadership,Product Design,Team Management"
237,Daniel Lee,Person,27,Software Engineer,TechCorp,Engineering,New York,83000,4,"Software Engineering,Java,Agile Development"
238,Michelle Brown,Person,34,Senior Business Intelligence Analyst,BICorp,Analytics,Chicago,89000,7,"Business Intelligence,Data Analysis,Reporting"
239,Kevin Wilson,Person,29,Cloud Solutions Engineer,CloudTech,Solutions,Seattle,88000,5,"Cloud Solutions,Customer Success,Technical Support"
240,Karen Davis,Person,33,Senior Product Designer,DesignStudio,Design,Los Angeles,91000,7,"Product Design,Design Systems,User Experience"
241,Brian Garcia,Person,26,Junior Site Reliability Engineer,CloudTech,Operations,Seattle,74000,3,"Site Reliability,Monitoring,Automation"
242,Sharon Kim,Person,32,Data Science Manager,MLCorp,Leadership,Palo Alto,118000,8,"Data Science Management,AI,Team Leadership"
243,Gary Martinez,Person,35,Principal Solutions Architect,CloudTech,Architecture,Seattle,142000,11,"Solutions Architecture,Enterprise,Strategy"
244,Ruth Chen,Person,28,Frontend Developer,WebStudio,Engineering,Portland,77000,4,"Frontend Development,Vue.js,CSS"
245,Joseph Anderson,Person,31,Senior Technical Writer,TechCorp,Documentation,San Francisco,81000,6,"Technical Writing,Developer Documentation,Content Strategy"
246,Debra Lee,Person,29,Marketing Operations Manager,MarketingCorp,Marketing,Los Angeles,85000,5,"Marketing Operations,Automation,Analytics"
247,Frank Brown,Person,36,Director of Security,SecureTech,Leadership,Washington DC,135000,12,"Security Leadership,Risk Management,Strategy"
248,Angela Wilson,Person,27,Junior Data Analyst,DataCorp,Analytics,Boston,68000,3,"Data Analysis,SQL,Visualization"
249,Raymond Davis,Person,33,Senior Platform Engineer,PlatformCorp,Engineering,San Francisco,104000,8,"Platform Engineering,Microservices,Scalability"
250,Julie Garcia,Person,30,Product Owner,ProductCorp,Product,San Francisco,89000,6,"Product Ownership,Agile,Stakeholder Management"
251,Peter Kim,Person,28,Backend Developer,TechCorp,Engineering,San Francisco,85000,5,"Backend Development,Node.js,APIs"
252,Cynthia Martinez,Person,34,Senior UX Researcher,ResearchCorp,Research,San Francisco,96000,8,"UX Research,User Testing,Design Strategy"
253,Harold Chen,Person,31,Infrastructure Manager,CloudTech,Leadership,Seattle,108000,7,"Infrastructure Management,Cloud,Team Leadership"
254,Diane Anderson,Person,26,Junior Product Manager,ProductCorp,Product,San Francisco,73000,3,"Product Management,Analytics,User Stories"
255,Arthur Lee,Person,35,Senior Software Architect,ArchitectureCorp,Architecture,Chicago,128000,10,"Software Architecture,Technical Strategy,Design Patterns"
256,Joyce Brown,Person,29,Digital Marketing Specialist,MarketingCorp,Marketing,New York,72000,4,"Digital Marketing,SEO,Content Marketing"
257,Ralph Wilson,Person,32,Senior Data Scientist,MLCorp,AI,Palo Alto,112000,7,"Data Science,Machine Learning,Statistical Analysis"
258,Carolyn Davis,Person,28,Quality Assurance Engineer,TestCorp,Quality,Denver,75000,4,"Quality Assurance,Test Automation,API Testing"
259,Lawrence Garcia,Person,33,Technical Program Manager,TechCorp,Program Management,San Francisco,99000,8,"Technical Program Management,Cross-functional Leadership,Risk Management"
260,Joan Kim,Person,30,Senior Integration Developer,IntegrationCorp,Engineering,Dallas,92000,6,"Integration Development,APIs,Middleware"
261,Eugene Martinez,Person,27,Software Developer,StartupXYZ,Engineering,Austin,76000,4,"Software Development,React,Problem Solving"
262,Marie Chen,Person,36,VP of Engineering,TechCorp,Executive,San Francisco,175000,14,"Engineering Leadership,Technology Strategy,Organizational Development"
263,Wayne Anderson,Person,25,Graduate Software Engineer,TechCorp,Engineering,San Francisco,72000,2,"Software Development,Python,Learning"
264,Janice Lee,Person,31,Senior Product Marketing Manager,ProductCorp,Marketing,San Francisco,103000,7,"Product Marketing,Go-to-market,Brand Strategy"
265,Albert Brown,Person,34,Principal Data Scientist,DataCorp,AI,Boston,135000,10,"Data Science,AI Research,Technical Leadership"
266,Gloria Wilson,Person,29,UX Design Manager,DesignStudio,Leadership,Los Angeles,98000,6,"UX Management,Design Strategy,Team Leadership"
267,Willie Davis,Person,32,Senior Cloud Architect,CloudTech,Architecture,Seattle,125000,9,"Cloud Architecture,Enterprise Solutions,Migration"
268,Teresa Garcia,Person,28,Business Analyst,FinTech,Business,New York,79000,4,"Business Analysis,Financial Systems,Requirements"
269,Roger Kim,Person,35,Staff Security Engineer,SecureTech,Security,Washington DC,118000,10,"Security Engineering,Architecture,Threat Analysis"
270,Doris Martinez,Person,26,Junior Software Engineer,TechCorp,Engineering,New York,74000,3,"Software Engineering,Java,Unit Testing"
271,Louis Chen,Person,33,Senior DevOps Engineer,CloudTech,Operations,Seattle,96000,7,"DevOps,Infrastructure,Continuous Deployment"
272,Frances Anderson,Person,30,Data Product Manager,DataCorp,Product,Boston,93000,6,"Data Products,Analytics,Product Strategy"
273,Jack Lee,Person,27,Frontend Engineer,WebStudio,Engineering,Portland,78000,4,"Frontend Engineering,JavaScript,User Interface"
274,Rose Brown,Person,34,Director of QA,TestCorp,Leadership,Denver,112000,9,"QA Leadership,Test Strategy,Process Excellence"
275,Roy Wilson,Person,31,Senior Solutions Engineer,CloudTech,Solutions,Seattle,91000,6,"Solutions Engineering,Pre-sales,Technical Consulting"
276,Jean Davis,Person,28,Marketing Analyst,MarketingCorp,Marketing,Chicago,71000,4,"Marketing Analytics,Campaign Performance,Data Analysis"
277,Billy Garcia,Person,36,Principal Software Engineer,BigTech,Engineering,Mountain View,158000,12,"Software Engineering,Scalability,Innovation"
278,Judy Kim,Person,25,Junior UX Designer,DesignStudio,Design,Los Angeles,61000,2,"UX Design,Wireframing,User Testing"
279,Carl Martinez,Person,32,Senior Backend Engineer,TechCorp,Engineering,San Francisco,102000,7,"Backend Engineering,Microservices,Distributed Systems"
280,Katherine Chen,Person,29,Product Strategy Manager,ProductCorp,Strategy,San Francisco,95000,5,"Product Strategy,Market Analysis,Competitive Intelligence"
281,Howard Anderson,Person,33,Site Reliability Engineering Manager,CloudTech,Leadership,Seattle,114000,8,"SRE Management,Infrastructure,Reliability"
282,Sara Lee,Person,27,Data Engineer,DataCorp,Analytics,Boston,81000,4,"Data Engineering,Python,ETL Pipelines"
283,Johnny Brown,Person,35,Senior Security Consultant,SecureTech,Security,Washington DC,107000,9,"Security Consulting,Risk Assessment,Compliance"
284,Virginia Wilson,Person,30,Technical Account Manager,TechCorp,Customer Success,San Francisco,87000,6,"Technical Account Management,Customer Relations,Problem Solving"
285,Philip Davis,Person,28,Full Stack Developer,WebDev,Engineering,Remote,82000,5,"Full Stack Development,MEAN Stack,REST APIs"
286,Judy Garcia,Person,31,Senior Business Intelligence Developer,BICorp,Analytics,Chicago,88000,6,"Business Intelligence,Data Warehousing,Reporting"
287,Bobby Kim,Person,26,Junior DevOps Engineer,CloudTech,Operations,Seattle,72000,3,"DevOps,Containerization,Automation"
288,Christina Martinez,Person,34,Principal Product Manager,ProductCorp,Product,San Francisco,128000,9,"Product Leadership,Strategy,Innovation"
289,Ernest Chen,Person,29,Software Engineering Manager,TechCorp,Leadership,New York,115000,6,"Engineering Management,Team Development,Technical Strategy"
290,Martha Anderson,Person,32,Senior UX Strategist,StrategyUX,Strategy,San Francisco,101000,7,"UX Strategy,Design Research,Information Architecture"
291,Henry Lee,Person,28,Backend Engineer,TechCorp,Engineering,San Francisco,84000,4,"Backend Development,Python,Database Design"
292,Jacqueline Brown,Person,35,Director of Product Marketing,ProductCorp,Leadership,San Francisco,145000,11,"Product Marketing Leadership,Go-to-market,Brand Strategy"
293,George Wilson,Person,27,Software Developer,StartupXYZ,Engineering,Austin,77000,4,"Software Development,Web Development,Problem Solving"
294,Ann Davis,Person,31,Senior Data Platform Engineer,DataCorp,Engineering,Boston,98000,7,"Data Platform,Big Data,Infrastructure"
295,Douglas Garcia,Person,33,Principal Security Architect,SecureTech,Security,Washington DC,132000,10,"Security Architecture,Enterprise Security,Risk Management"
296,Brenda Kim,Person,29,Product Designer,DesignStudio,Design,Los Angeles,80000,5,"Product Design,User Experience,Design Systems"
297,Russell Martinez,Person,36,VP of Technology,StartupXYZ,Executive,Austin,162000,13,"Technology Leadership,Innovation,Strategic Planning"
298,Beverly Chen,Person,25,Graduate Data Scientist,MLCorp,AI,Palo Alto,81000,2,"Data Science,Machine Learning,Python"
299,Dennis Anderson,Person,32,Senior Site Reliability Engineer,CloudTech,Operations,Seattle,99000,7,"Site Reliability,Monitoring,Infrastructure"
300,Ruby Lee,Person,28,Marketing Technology Manager,MarTech,Marketing,Los Angeles,86000,5,"Marketing Technology,Automation,Integration"
301,Jesse Brown,Person,34,Staff Engineer,TechCorp,Engineering,San Francisco,131000,9,"Software Engineering,Technical Leadership,Architecture"
302,Maria Wilson,Person,30,Senior Quality Engineer,TestCorp,Quality,Denver,84000,6,"Quality Engineering,Test Automation,Performance Testing"
303,Samuel Davis,Person,27,Cloud Engineer,CloudTech,Infrastructure,Seattle,83000,4,"Cloud Engineering,Infrastructure,DevOps"
304,Diana Garcia,Person,31,Business Intelligence Manager,BICorp,Leadership,Chicago,97000,7,"Business Intelligence Management,Analytics,Reporting"
305,Joe Kim,Person,35,Senior Software Architect,TechCorp,Architecture,San Francisco,127000,10,"Software Architecture,System Design,Technical Strategy"
306,Alice Martinez,Person,26,UX Designer,DesignStudio,Design,Los Angeles,69000,3,"UX Design,User Research,Prototyping"
307,Gerald Chen,Person,33,Principal DevOps Engineer,CloudTech,Operations,Seattle,119000,9,"DevOps,Infrastructure Architecture,Automation"
308,Stephanie Anderson,Person,29,Product Manager,ProductCorp,Product,San Francisco,92000,5,"Product Management,Agile,User Experience"
309,Harold Lee,Person,32,Senior Full Stack Engineer,WebDev,Engineering,Remote,95000,7,"Full Stack Development,JavaScript,Cloud Architecture"
310,Wanda Brown,Person,28,Data Analyst,DataCorp,Analytics,Boston,76000,4,"Data Analysis,Statistical Analysis,Visualization"
311,Arthur Wilson,Person,36,Director of Engineering,StartupXYZ,Leadership,Austin,151000,12,"Engineering Leadership,Team Building,Technology Strategy"
312,Gloria Davis,Person,25,Junior Product Designer,DesignStudio,Design,Los Angeles,60000,2,"Product Design,UI Design,User Testing"
313,Wayne Garcia,Person,31,Senior Security Engineer,SecureTech,Security,Washington DC,96000,6,"Security Engineering,Incident Response,Risk Analysis"
314,Teresa Kim,Person,34,Technical Program Manager,TechCorp,Program Management,San Francisco,106000,8,"Technical Program Management,Cross-team Coordination,Delivery"
315,Ralph Martinez,Person,29,Integration Engineer,IntegrationCorp,Engineering,Dallas,85000,5,"Integration Engineering,APIs,System Connectivity"
316,Evelyn Chen,Person,27,Frontend Developer,WebStudio,Engineering,Portland,75000,3,"Frontend Development,React,Responsive Design"
317,Frank Anderson,Person,33,Senior Data Engineer,DataCorp,Analytics,Boston,100000,8,"Data Engineering,Big Data,Pipeline Architecture"
318,Shirley Lee,Person,30,UX Research Manager,ResearchCorp,Leadership,San Francisco,105000,6,"UX Research Management,User Testing,Design Strategy"
319,Raymond Brown,Person,35,Principal Cloud Architect,CloudTech,Architecture,Seattle,148000,11,"Cloud Architecture,Enterprise Solutions,Strategy"
320,Janet Wilson,Person,28,Marketing Operations Specialist,MarketingCorp,Marketing,New York,74000,4,"Marketing Operations,Campaign Management,Analytics"
321,Roger Davis,Person,32,Senior Software Engineer,TechCorp,Engineering,New York,103000,7,"Software Engineering,Distributed Systems,Performance"
322,Catherine Garcia,Person,26,Junior Data Engineer,DataCorp,Analytics,Boston,71000,3,"Data Engineering,Python,Data Processing"
323,Larry Kim,Person,34,Staff Security Engineer,SecureTech,Security,Washington DC,121000,9,"Security Engineering,Architecture,Compliance"
324,Frances Martinez,Person,31,Product Operations Specialist,ProductCorp,Operations,San Francisco,82000,5,"Product Operations,Process Optimization,Analytics"
325,Eugene Chen,Person,29,Senior Backend Developer,TechCorp,Engineering,San Francisco,93000,6,"Backend Development,Microservices,API Design"
326,Rose Anderson,Person,27,UX/UI Designer,DesignStudio,Design,Los Angeles,71000,4,"UI/UX Design,Visual Design,Interaction Design"
327,Albert Lee,Person,36,VP of Data,DataCorp,Executive,Boston,169000,13,"Data Leadership,Analytics Strategy,Organizational Development"
328,Joyce Brown,Person,25,Graduate Software Engineer,TechCorp,Engineering,San Francisco,73000,2,"Software Development,Object-oriented Programming,Learning"
329,Harry Wilson,Person,33,Senior Solutions Architect,CloudTech,Architecture,Seattle,123000,8,"Solutions Architecture,Cloud Migration,Customer Success"
330,Doris Davis,Person,30,Business Systems Analyst,BusinessCorp,Business,Chicago,83000,6,"Business Systems Analysis,Process Improvement,Requirements"
331,Jack Garcia,Person,28,DevOps Engineer,CloudTech,Operations,Seattle,86000,5,"DevOps,Continuous Integration,Infrastructure Management"
332,Marie Kim,Person,32,Senior Product Manager,ProductCorp,Product,San Francisco,108000,7,"Product Management,Strategy,Cross-functional Leadership"
333,Louis Martinez,Person,35,Principal Data Engineer,DataCorp,Engineering,Boston,129000,10,"Data Engineering,Big Data Architecture,Technical Leadership"
334,Ann Chen,Person,27,Quality Assurance Analyst,TestCorp,Quality,Denver,69000,3,"Quality Assurance,Manual Testing,Test Documentation"
335,Carl Anderson,Person,31,Technical Lead,TechCorp,Engineering,San Francisco,111000,7,"Technical Leadership,Software Architecture,Code Review"
336,Ruth Lee,Person,29,Content Marketing Manager,ContentCorp,Marketing,Austin,78000,5,"Content Marketing,SEO,Brand Storytelling"
337,Joe Brown,Person,34,Senior Site Reliability Engineer,CloudTech,Operations,Seattle,102000,8,"Site Reliability Engineering,Infrastructure,Monitoring"
338,Betty Wilson,Person,26,Junior Business Analyst,BusinessCorp,Business,New York,66000,2,"Business Analysis,Requirements Gathering,Process Documentation"
339,Harold Davis,Person,33,Staff Software Engineer,BigTech,Engineering,Mountain View,149000,10,"Software Engineering,Scalability,Technical Mentoring"
340,Helen Garcia,Person,30,Senior UX Designer,DesignStudio,Design,Los Angeles,89000,6,"User Experience Design,Design Systems,User Research"
341,Walter Kim,Person,28,Platform Engineer,PlatformCorp,Engineering,San Francisco,87000,5,"Platform Engineering,Infrastructure,Microservices"
342,Dorothy Martinez,Person,32,Data Science Manager,MLCorp,Leadership,Palo Alto,116000,8,"Data Science Management,Machine Learning,Team Leadership"
343,Arthur Chen,Person,35,Director of Security,SecureTech,Leadership,Washington DC,138000,11,"Security Leadership,Risk Management,Compliance Strategy"
344,Mildred Anderson,Person,27,Frontend Engineer,WebStudio,Engineering,Portland,76000,4,"Frontend Engineering,Vue.js,User Interface"
345,Roy Lee,Person,31,Senior Technical Writer,TechCorp,Documentation,San Francisco,80000,6,"Technical Writing,API Documentation,Developer Experience"
346,Jean Brown,Person,29,Marketing Analytics Manager,MarketingCorp,Marketing,Chicago,89000,5,"Marketing Analytics,Data Analysis,Campaign Optimization"
347,Ralph Wilson,Person,36,Principal Software Engineer,TechCorp,Engineering,San Francisco,152000,12,"Software Engineering,Architecture,Innovation"
348,Beverly Davis,Person,25,Graduate UX Designer,DesignStudio,Design,Los Angeles,59000,1,"UX Design,Design Thinking,User Research"
349,Eugene Garcia,Person,33,Senior Cloud Engineer,CloudTech,Infrastructure,Seattle,97000,7,"Cloud Engineering,Infrastructure as Code,Automation"
350,Alice Kim,Person,30,Product Marketing Manager,ProductCorp,Marketing,San Francisco,91000,6,"Product Marketing,Positioning,Competitive Analysis"
351,Wayne Martinez,Person,28,Software Engineer,TechCorp,Engineering,New York,85000,4,"Software Engineering,Java,Agile Development"
352,Ruby Chen,Person,32,Senior Data Analyst,DataCorp,Analytics,Boston,87000,6,"Data Analysis,Business Intelligence,Reporting"
353,Frank Anderson,Person,34,Senior DevSecOps Engineer,SecureTech,Security,Washington DC,104000,8,"DevSecOps,Security Automation,Infrastructure Security"
354,Martha Lee,Person,27,Junior Product Manager,ProductCorp,Product,San Francisco,75000,3,"Product Management,User Stories,Market Research"
355,Jesse Brown,Person,31,Infrastructure Architect,CloudTech,Architecture,Seattle,117000,7,"Infrastructure Architecture,Cloud Design,Scalability"
356,Maria Wilson,Person,29,UX Researcher,ResearchCorp,Research,San Francisco,83000,5,"User Research,Usability Testing,Design Research"
357,Samuel Davis,Person,35,Senior Software Architect,ArchitectureCorp,Architecture,Seattle,133000,10,"Software Architecture,System Design,Technical Strategy"
358,Diana Garcia,Person,26,Data Engineer,DataCorp,Analytics,Boston,78000,3,"Data Engineering,ETL,Python Programming"
359,Gerald Kim,Person,33,Principal Security Engineer,SecureTech,Security,Washington DC,126000,9,"Security Engineering,Architecture,Risk Management"
360,Stephanie Martinez,Person,30,Senior Product Designer,DesignStudio,Design,Los Angeles,86000,6,"Product Design,User Experience,Design Leadership"
361,Harold Chen,Person,28,Backend Developer,TechCorp,Engineering,San Francisco,82000,4,"Backend Development,APIs,Database Management"
362,Wanda Anderson,Person,32,Business Intelligence Lead,BICorp,Leadership,Chicago,99000,7,"Business Intelligence Leadership,Analytics,Data Strategy"
363,Arthur Lee,Person,35,VP of Engineering,CloudTech,Executive,Seattle,174000,13,"Engineering Leadership,Technology Strategy,Team Building"
364,Gloria Brown,Person,27,Software Developer,StartupXYZ,Engineering,Austin,79000,4,"Software Development,Web Applications,Problem Solving"
365,Wayne Wilson,Person,31,Senior Site Reliability Engineer,CloudTech,Operations,Seattle,98000,7,"Site Reliability,Infrastructure Management,Automation"
366,Teresa Davis,Person,29,Marketing Technology Specialist,MarTech,Marketing,Los Angeles,77000,4,"Marketing Technology,Automation,Data Integration"
367,Ralph Garcia,Person,34,Staff Data Scientist,MLCorp,AI,Palo Alto,127000,9,"Data Science,Machine Learning Research,Technical Leadership"
368,Evelyn Kim,Person,26,UX Designer,DesignStudio,Design,Los Angeles,70000,3,"UX Design,Prototyping,User Testing"
369,Frank Martinez,Person,33,Senior Solutions Engineer,CloudTech,Solutions,Seattle,94000,7,"Solutions Engineering,Customer Success,Technical Consultation"
370,Shirley Chen,Person,30,Technical Product Manager,TechCorp,Product,San Francisco,96000,6,"Technical Product Management,Engineering Collaboration,Strategy"
371,Raymond Anderson,Person,28,Full Stack Developer,WebDev,Engineering,Remote,81000,4,"Full Stack Development,JavaScript,Cloud Technologies"
372,Janet Lee,Person,32,Senior Quality Engineer,TestCorp,Quality,Denver,88000,6,"Quality Engineering,Test Strategy,Automation"
373,Roger Brown,Person,35,Director of Data Engineering,DataCorp,Leadership,Boston,143000,11,"Data Engineering Leadership,Big Data,Team Management"
374,Catherine Wilson,Person,27,Junior Software Engineer,TechCorp,Engineering,San Francisco,76000,3,"Software Engineering,Python,Learning"
375,Larry Davis,Person,31,Principal Cloud Architect,CloudTech,Architecture,Seattle,141000,9,"Cloud Architecture,Enterprise Solutions,Migration Strategy"
376,Frances Garcia,Person,29,Product Owner,ProductCorp,Product,San Francisco,88000,5,"Product Ownership,Agile,Stakeholder Management"
377,Eugene Kim,Person,34,Senior Security Analyst,SecureTech,Security,Washington DC,92000,7,"Security Analysis,Threat Detection,Risk Assessment"
378,Rose Martinez,Person,26,Frontend Developer,WebStudio,Engineering,Portland,73000,3,"Frontend Development,React,CSS"
379,Albert Chen,Person,33,Senior DevOps Engineer,CloudTech,Operations,Seattle,95000,7,"DevOps,Infrastructure,Continuous Deployment"
380,Joyce Anderson,Person,30,Data Product Manager,DataCorp,Product,Boston,94000,6,"Data Product Management,Analytics,Strategy"
381,Harry Lee,Person,28,Software Engineer,TechCorp,Engineering,New York,84000,4,"Software Engineering,Object-oriented Design,Testing"
382,Doris Brown,Person,32,Senior UX Researcher,ResearchCorp,Research,San Francisco,97000,7,"UX Research,User Testing,Design Strategy"
383,Jack Wilson,Person,35,Principal Software Engineer,BigTech,Engineering,Mountain View,156000,11,"Software Engineering,Distributed Systems,Mentoring"
384,Marie Davis,Person,27,Marketing Analyst,MarketingCorp,Marketing,Chicago,72000,4,"Marketing Analytics,Campaign Analysis,Data Visualization"
385,Louis Garcia,Person,31,Senior Platform Engineer,PlatformCorp,Engineering,San Francisco,101000,7,"Platform Engineering,Microservices,Infrastructure"
386,Ann Kim,Person,29,Business Analyst,FinTech,Business,New York,81000,5,"Business Analysis,Financial Systems,Process Improvement"
387,Carl Martinez,Person,34,Staff Security Engineer,SecureTech,Security,Washington DC,122000,9,"Security Engineering,Architecture,Incident Response"
388,Ruth Chen,Person,26,Junior Data Scientist,MLCorp,AI,Palo Alto,77000,3,"Data Science,Machine Learning,Statistical Analysis"
389,Joe Anderson,Person,33,Senior Software Architect,TechCorp,Architecture,San Francisco,129000,9,"Software Architecture,System Design,Technical Leadership"
390,Betty Lee,Person,30,UX Design Lead,DesignStudio,Leadership,Los Angeles,95000,6,"UX Design Leadership,Team Management,Design Strategy"
391,Harold Brown,Person,28,DevOps Engineer,CloudTech,Operations,Seattle,85000,4,"DevOps,Containerization,Infrastructure Management"
392,Helen Wilson,Person,32,Senior Product Manager,ProductCorp,Product,San Francisco,107000,7,"Product Management,Strategy,Cross-functional Leadership"
393,Walter Davis,Person,35,Director of Engineering,TechCorp,Leadership,San Francisco,156000,12,"Engineering Leadership,Technology Strategy,Organizational Development"
394,Dorothy Garcia,Person,27,Data Engineer,DataCorp,Analytics,Boston,80000,4,"Data Engineering,Big Data,Pipeline Development"
395,Arthur Kim,Person,31,Senior Solutions Architect,CloudTech,Architecture,Seattle,120000,8,"Solutions Architecture,Cloud Migration,Enterprise Solutions"
396,Mildred Martinez,Person,29,Quality Assurance Manager,TestCorp,Leadership,Denver,91000,5,"QA Management,Test Strategy,Process Excellence"
397,Roy Chen,Person,34,Principal Data Engineer,DataCorp,Engineering,Boston,131000,10,"Data Engineering,Big Data Architecture,Technical Leadership"
398,Jean Anderson,Person,26,Junior UX Designer,DesignStudio,Design,Los Angeles,62000,2,"UX Design,User Research,Design Thinking"
399,Ralph Lee,Person,33,Senior Security Engineer,SecureTech,Security,Washington DC,99000,7,"Security Engineering,Risk Management,Compliance"
400,Beverly Brown,Person,30,Technical Account Manager,TechCorp,Customer Success,San Francisco,86000,6,"Technical Account Management,Customer Relations,Problem Resolution"
401,Eugene Wilson,Person,28,Software Developer,StartupXYZ,Engineering,Austin,78000,4,"Software Development,Web Technologies,Innovation"
402,Alice Davis,Person,32,Senior Business Intelligence Analyst,BICorp,Analytics,Chicago,90000,7,"Business Intelligence,Data Analysis,Reporting"
403,Wayne Garcia,Person,35,Staff Software Engineer,TechCorp,Engineering,San Francisco,139000,10,"Software Engineering,Scalability,Technical Mentoring"
404,Ruby Kim,Person,27,Product Designer,DesignStudio,Design,Los Angeles,74000,4,"Product Design,User Experience,Visual Design"
405,Frank Martinez,Person,31,Senior Site Reliability Engineer,CloudTech,Operations,Seattle,100000,7,"Site Reliability Engineering,Infrastructure,Monitoring"
406,Martha Chen,Person,29,Marketing Operations Manager,MarketingCorp,Marketing,Los Angeles,87000,5,"Marketing Operations,Campaign Management,Process Optimization"
407,Jesse Anderson,Person,34,Principal Cloud Architect,CloudTech,Architecture,Seattle,145000,10,"Cloud Architecture,Enterprise Strategy,Solution Design"
408,Maria Lee,Person,26,Software Engineer,TechCorp,Engineering,San Francisco,81000,3,"Software Engineering,Full Stack Development,Problem Solving"
409,Samuel Brown,Person,33,Senior Data Scientist,MLCorp,AI,Palo Alto,115000,8,"Data Science,Machine Learning,AI Research"
410,Diana Wilson,Person,30,UX Strategy Manager,StrategyUX,Leadership,San Francisco,102000,6,"UX Strategy,Design Research,Team Leadership"
411,Gerald Davis,Person,28,Backend Engineer,TechCorp,Engineering,New York,83000,4,"Backend Engineering,APIs,System Integration"
412,Stephanie Garcia,Person,32,Senior Product Marketing Manager,ProductCorp,Marketing,San Francisco,105000,7,"Product Marketing,Go-to-market Strategy,Brand Positioning"
413,Harold Kim,Person,35,VP of Technology,TechCorp,Executive,San Francisco,178000,13,"Technology Leadership,Innovation Strategy,Executive Management"
414,Wanda Martinez,Person,27,Data Analyst,DataCorp,Analytics,Boston,75000,4,"Data Analysis,Statistical Modeling,Visualization"
415,Arthur Chen,Person,31,Senior DevOps Engineer,CloudTech,Operations,Seattle,96000,6,"DevOps,Infrastructure Automation,Continuous Integration"
416,Gloria Anderson,Person,29,Business Systems Analyst,BusinessCorp,Business,Chicago,84000,5,"Business Systems Analysis,Requirements Engineering,Process Design"
417,Wayne Lee,Person,34,Staff Data Engineer,DataCorp,Engineering,Boston,124000,9,"Data Engineering,Big Data,Pipeline Architecture"
418,Teresa Brown,Person,26,Junior Product Designer,DesignStudio,Design,Los Angeles,63000,2,"Product Design,UI Design,User Research"
419,Ralph Wilson,Person,33,Senior Security Architect,SecureTech,Security,Washington DC,117000,8,"Security Architecture,Risk Assessment,Enterprise Security"
420,Evelyn Davis,Person,30,Technical Program Manager,TechCorp,Program Management,San Francisco,103000,7,"Technical Program Management,Cross-team Coordination,Delivery Management"
421,Frank Garcia,Person,28,Integration Developer,IntegrationCorp,Engineering,Dallas,82000,4,"Integration Development,APIs,System Connectivity"
422,Shirley Kim,Person,32,Senior UX Designer,DesignStudio,Design,Los Angeles,90000,6,"User Experience Design,Design Systems,Research"
423,Raymond Martinez,Person,35,Director of Data Science,MLCorp,Leadership,Palo Alto,147000,11,"Data Science Leadership,AI Strategy,Team Development"
424,Janet Chen,Person,27,Frontend Developer,WebStudio,Engineering,Portland,76000,3,"Frontend Development,JavaScript,Responsive Design"
425,Roger Anderson,Person,31,Senior Software Engineer,TechCorp,Engineering,San Francisco,104000,7,"Software Engineering,Distributed Systems,Performance Optimization"
426,Catherine Lee,Person,29,Marketing Technology Manager,MarTech,Marketing,Austin,85000,5,"Marketing Technology,Automation,Data Integration"
427,Larry Brown,Person,34,Principal Security Engineer,SecureTech,Security,Washington